{"Brute-Force": 1.827056884765625, "QAOA-Pretrained-L3-2Q": 560.2574911117554}