{"Brute-Force": 1.521031379699707, "Nearest-Neighbor": 6.341934204101562e-05, "Weighted-Nearest-Neighbor": 0.0001461505889892578, "Simulated-Annealing-1": 0.008755922317504883, "Simulated-Annealing-2": 0.008327722549438477, "Simulated-Annealing-3": 0.01065683364868164}