{"Brute-Force": 5.412101745605469e-05, "QAOA-nearest_neighbor": 23.484944820404053, "QAOA-farthest_insertion": 23.795650720596313, "QAOA-cheapest_insertion": 24.705666065216064, "QAOA-random_nearest_neighbor": 24.305437326431274, "QAOA-random": 22.072624921798706, "QAOA-Pretrained-L3-2Q": 39.27552556991577, "QAOA-WS+Pretrained": 36.80063033103943, "QAOA-Baseline-2Q": 38.59306764602661}