{"1": {"time": 15.484448194503784, "memory_peak_mb": 0.8926162719726562, "memory_current_mb": 0.7692022323608398, "success": true, "error": null}, "2": {"time": 8.330901384353638, "memory_peak_mb": 0.70916748046875, "memory_current_mb": 0.6361398696899414, "success": true, "error": null}, "3": {"time": 6.2930073738098145, "memory_peak_mb": 0.5367822647094727, "memory_current_mb": 0.4655952453613281, "success": true, "error": null}, "4": {"time": 4.853214979171753, "memory_peak_mb": 0.6648664474487305, "memory_current_mb": 0.5826702117919922, "success": true, "error": null}, "5": {"time": 4.9436118602752686, "memory_peak_mb": 0.5489950180053711, "memory_current_mb": 0.43639278411865234, "success": true, "error": null}, "6": {"time": 4.809455871582031, "memory_peak_mb": 0.7354145050048828, "memory_current_mb": 0.5721368789672852, "success": true, "error": null}, "7": {"time": 5.905780553817749, "memory_peak_mb": 0.5938920974731445, "memory_current_mb": 0.41878223419189453, "success": true, "error": null}, "8": {"time": 7.061893939971924, "memory_peak_mb": 0.8273916244506836, "memory_current_mb": 0.564854621887207, "success": true, "error": null}, "9": {"time": 7.772071361541748, "memory_peak_mb": 0.8876676559448242, "memory_current_mb": 0.5522689819335938, "success": true, "error": null}, "10": {"time": 8.98316240310669, "memory_peak_mb": 1.0049371719360352, "memory_current_mb": 0.5567693710327148, "success": true, "error": null}, "11": {"time": 10.57197380065918, "memory_peak_mb": 1.0413455963134766, "memory_current_mb": 0.5555505752563477, "success": true, "error": null}, "12": {"time": 12.331023931503296, "memory_peak_mb": 1.2262821197509766, "memory_current_mb": 0.5583896636962891, "success": true, "error": null}, "13": {"time": 16.287685871124268, "memory_peak_mb": 1.3033599853515625, "memory_current_mb": 0.5527849197387695, "success": true, "error": null}, "14": {"time": 27.439021825790405, "memory_peak_mb": 1.297593116760254, "memory_current_mb": 0.5460777282714844, "success": true, "error": null}, "15": {"time": 72.87302660942078, "memory_peak_mb": 1.6225824356079102, "memory_current_mb": 0.5493965148925781, "success": true, "error": null}, "16": {"time": 0.031189918518066406, "memory_peak_mb": 0.2501859664916992, "memory_current_mb": 0.09821319580078125, "success": false, "error": "'ERROR:  [Experiment 0] Insufficient memory to run circuit circuit-1758 using the density_matrix simulator. Required memory: 65536M, max memory: 32577M ,  ERROR: Insufficient memory to run circuit circuit-1758 using the density_matrix simulator. Required memory: 65536M, max memory: 32577M'"}, "17": {"time": 0.04301261901855469, "memory_peak_mb": 0.2463216781616211, "memory_current_mb": 0.09378337860107422, "success": false, "error": "'ERROR:  [Experiment 0] Insufficient memory to run circuit circuit-1764 using the density_matrix simulator. Required memory: 262144M, max memory: 32577M ,  ERROR: Insufficient memory to run circuit circuit-1764 using the density_matrix simulator. Required memory: 262144M, max memory: 32577M'"}, "18": {"time": 0.03252363204956055, "memory_peak_mb": 0.25057029724121094, "memory_current_mb": 0.09805488586425781, "success": false, "error": "'ERROR:  [Experiment 0] Insufficient memory to run circuit circuit-1770 using the density_matrix simulator. Required memory: 1048576M, max memory: 32577M ,  ERROR: Insufficient memory to run circuit circuit-1770 using the density_matrix simulator. Required memory: 1048576M, max memory: 32577M'"}, "19": {"time": 0.03198671340942383, "memory_peak_mb": 0.24529266357421875, "memory_current_mb": 0.09264659881591797, "success": false, "error": "'ERROR:  [Experiment 0] Insufficient memory to run circuit circuit-1775 using the density_matrix simulator. Required memory: 4194304M, max memory: 32577M ,  ERROR: Insufficient memory to run circuit circuit-1775 using the density_matrix simulator. Required memory: 4194304M, max memory: 32577M'"}, "20": {"time": 0.03405284881591797, "memory_peak_mb": 0.2504243850708008, "memory_current_mb": 0.09761524200439453, "success": false, "error": "'ERROR:  [Experiment 0] Insufficient memory to run circuit circuit-1780 using the density_matrix simulator. Required memory: 16777216M, max memory: 32577M ,  ERROR: Insufficient memory to run circuit circuit-1780 using the density_matrix simulator. Required memory: 16777216M, max memory: 32577M'"}, "21": {"time": 0.03468680381774902, "memory_peak_mb": 0.25075244903564453, "memory_current_mb": 0.0980978012084961, "success": false, "error": "'ERROR:  [Experiment 0] Insufficient memory to run circuit circuit-1785 using the density_matrix simulator. Required memory: 67108864M, max memory: 32577M ,  ERROR: Insufficient memory to run circuit circuit-1785 using the density_matrix simulator. Required memory: 67108864M, max memory: 32577M'"}, "22": {"time": 0.04651069641113281, "memory_peak_mb": 0.2455148696899414, "memory_current_mb": 0.09265327453613281, "success": false, "error": "'ERROR:  [Experiment 0] Insufficient memory to run circuit circuit-1790 using the density_matrix simulator. Required memory: 268435456M, max memory: 32577M ,  ERROR: Insufficient memory to run circuit circuit-1790 using the density_matrix simulator. Required memory: 268435456M, max memory: 32577M'"}, "23": {"time": 0.05408430099487305, "memory_peak_mb": 0.24917316436767578, "memory_current_mb": 0.09627628326416016, "success": false, "error": "'ERROR:  [Experiment 0] Insufficient memory to run circuit circuit-1795 using the density_matrix simulator. Required memory: 1073741824M, max memory: 32577M ,  ERROR: Insufficient memory to run circuit circuit-1795 using the density_matrix simulator. Required memory: 1073741824M, max memory: 32577M'"}, "24": {"time": 0.04060816764831543, "memory_peak_mb": 0.2493724822998047, "memory_current_mb": 0.2354574203491211, "success": false, "error": "'ERROR:  [Experiment 0] Insufficient memory to run circuit circuit-1799 using the density_matrix simulator. Required memory: 4294967296M, max memory: 32577M ,  ERROR: Insufficient memory to run circuit circuit-1799 using the density_matrix simulator. Required memory: 4294967296M, max memory: 32577M'"}, "25": {"time": 0.037214040756225586, "memory_peak_mb": 0.24335002899169922, "memory_current_mb": 0.09032249450683594, "success": false, "error": "'ERROR:  [Experiment 0] Insufficient memory to run circuit circuit-1803 using the density_matrix simulator. Required memory: 17179869184M, max memory: 32577M ,  ERROR: Insufficient memory to run circuit circuit-1803 using the density_matrix simulator. Required memory: 17179869184M, max memory: 32577M'"}}