{"1": {"time": 15.74232530593872, "memory_peak_mb": 0.872314453125, "memory_current_mb": 0.7495737075805664, "success": true, "error": null}, "2": {"time": 8.447742462158203, "memory_peak_mb": 0.5750350952148438, "memory_current_mb": 0.4993314743041992, "success": true, "error": null}, "3": {"time": 5.526848554611206, "memory_peak_mb": 0.6673269271850586, "memory_current_mb": 0.5969276428222656, "success": true, "error": null}, "4": {"time": 5.0880467891693115, "memory_peak_mb": 0.5317344665527344, "memory_current_mb": 0.44843196868896484, "success": true, "error": null}, "5": {"time": 4.7117414474487305, "memory_peak_mb": 0.6838293075561523, "memory_current_mb": 0.5705976486206055, "success": true, "error": null}, "6": {"time": 4.889842510223389, "memory_peak_mb": 0.5924367904663086, "memory_current_mb": 0.4299459457397461, "success": true, "error": null}, "7": {"time": 5.6637122631073, "memory_peak_mb": 0.7427225112915039, "memory_current_mb": 0.5601282119750977, "success": true, "error": null}, "8": {"time": 6.275317907333374, "memory_peak_mb": 0.8209924697875977, "memory_current_mb": 0.5618343353271484, "success": true, "error": null}, "9": {"time": 7.108048677444458, "memory_peak_mb": 0.7560806274414062, "memory_current_mb": 0.4178943634033203, "success": true, "error": null}, "10": {"time": 8.620705366134644, "memory_peak_mb": 1.0081214904785156, "memory_current_mb": 0.5496273040771484, "success": true, "error": null}, "11": {"time": 8.091305494308472, "memory_peak_mb": 1.034881591796875, "memory_current_mb": 0.557551383972168, "success": true, "error": null}, "12": {"time": 9.836174726486206, "memory_peak_mb": 1.208282470703125, "memory_current_mb": 0.5498847961425781, "success": true, "error": null}, "13": {"time": 12.126520156860352, "memory_peak_mb": 1.2999076843261719, "memory_current_mb": 0.5499343872070312, "success": true, "error": null}, "14": {"time": 13.151416301727295, "memory_peak_mb": 1.3024225234985352, "memory_current_mb": 0.551945686340332, "success": true, "error": null}, "15": {"time": 15.085328340530396, "memory_peak_mb": 1.6132001876831055, "memory_current_mb": 0.5432729721069336, "success": true, "error": null}, "16": {"time": 15.3194580078125, "memory_peak_mb": 1.6016168594360352, "memory_current_mb": 0.5492782592773438, "success": true, "error": null}, "17": {"time": 16.879733562469482, "memory_peak_mb": 1.652205467224121, "memory_current_mb": 0.5489950180053711, "success": true, "error": null}, "18": {"time": 17.920063257217407, "memory_peak_mb": 1.7475709915161133, "memory_current_mb": 0.5410127639770508, "success": true, "error": null}, "19": {"time": 18.024669408798218, "memory_peak_mb": 1.7043657302856445, "memory_current_mb": 0.5468311309814453, "success": true, "error": null}, "20": {"time": 18.841676712036133, "memory_peak_mb": 1.7043342590332031, "memory_current_mb": 0.5429067611694336, "success": true, "error": null}, "21": {"time": 19.654158115386963, "memory_peak_mb": 1.7445688247680664, "memory_current_mb": 0.5447311401367188, "success": true, "error": null}, "22": {"time": 19.692021131515503, "memory_peak_mb": 2.1352310180664062, "memory_current_mb": 0.5466461181640625, "success": true, "error": null}, "23": {"time": 20.652256727218628, "memory_peak_mb": 2.115140914916992, "memory_current_mb": 0.5383167266845703, "success": true, "error": null}, "24": {"time": 20.374313592910767, "memory_peak_mb": 2.126667022705078, "memory_current_mb": 0.5448360443115234, "success": true, "error": null}, "25": {"time": 21.725872039794922, "memory_peak_mb": 2.126415252685547, "memory_current_mb": 0.5442495346069336, "success": true, "error": null}}